id,pzmc,qbly,sdlx,ycd,sdbh,average,muyx,mucs,heigh,length,count,counts,countl,weightq,acutey,acutes,acutesl,compreh,?blight,lugens,averagejml,wbl,chalkylv,chalkyd,clarity,cement,starch,rank,synthesis
1,甬优7850,甬粳78A×F9250,三系杂交稻,宁波市种子有限公司,浙审稻2015011,,,,,,,,,,,,,,,,,,,,,,,,
2,钱优930,钱江3号A×浙恢930,籼型三系杂交稻,浙江省农业科学院作物与核技术利用研究所等,浙审稻2013018,,,,,,,,,,,,,,,,,,,,,,,,
3,中组9号,G02-187×中嘉早17,籼型常规稻,中国水稻研究所,浙审稻2012003,,,,,,,,,,,,,,,,,,,,,,,,
4,甬优1140,甬粳6号A×F7540,三系杂交稻,宁波市种子有限公司,浙审稻2015010,,,,,,,,,,,,,,,,,,,,,,,,
5,钱优1890,钱江1号A×T1890,籼型三系杂交稻,台州市农业科学研究院等,浙审稻2015009,,,,,,,,,,,,,,,,,,,,,,,,
6,秀水134,丙95-59//测212/RHT×丙03-123,粳型常规稻,嘉兴市农业科学研究院等,浙审稻2010003,,,,,,,,,,,,,,,,,,,,,,,,
7,赣香优9141,赣香A×浙恢9141,籼型三系杂交稻,浙江省农业科学院作物与核技术利用研究所等,浙审稻2015008,,,,,,,,,,,,,,,,,,,,,,,,
8,钱3优982,钱江3号A×R982,籼型三系杂交稻,中国农业科学院作物科学研究所等,浙审稻2015007,,,,,,,,,,,,,,,,,,,,,,,,
9,钱优0618,钱江1号A×浙恢0618,籼型三系杂交稻,浙江省农业科学院作物与核技术利用研究所,浙审稻2009009,,,,,,,,,,,,,,,,,,,,,,,,
10,钱优9号,钱江1号A×HKK9,籼型三系杂交稻,安徽绿雨种业股份有限公司,浙审稻2015006,,,,,,,,,,,,,,,,,,,,,,,,
11,钱优2015,钱江1号A×金恢2015,籼型三系杂交稻,金华市农业科学研究院等,浙审稻2015005,,,,,,,,,,,,,,,,,,,,,,,,
12,浙408,G9968×丰43,籼型常规稻,浙江省农业科学院作物与核技术利用研究所,浙审稻2007027,,,,,,,,,,,,,,,,,,,,,,,,
13,宁84,嘉花1号//宁175/丙98-110×丙05-012,粳型常规稻,宁波市农业科学研究院,浙审稻2015004,,,,,,,,,,,,,,,,,,,,,,,,
14,甬优4550,甬粳45A×F9250,粳型三系杂交稻,宁波市种子有限公司,浙审稻2015003,,,,,,,,,,,,,,,,,,,,,,,,
15,航天36,秀水1067,粳型常规稻,浙江省农业科学院作物与核技术利用研究所等,浙审稻2006017,,,,,,,,,,,,,,,,,,,,,,,,
16,甬优4350,甬粳43A×F9250,粳型三系杂交稻,宁波市种子有限公司,浙审稻2015002,,,,,,,,,,,,,,,,,,,,,,,,
17,嘉育938,浙农43×嘉育253/G01-139,籼型常规稻,嘉兴市农业科学研究院等,浙审稻2015001,,,,,,,,,,,,,,,,,,,,,,,,
18,浙粳50,秀水63×秀水63/嘉58,粳型常规稻,浙江省农业科学院作物与核技术利用研究所等,浙审稻2005010,,,,,,,,,,,,,,,,,,,,,,,,
19,绍粳31,嘉03-23×R03-109,粳型常规稻,绍兴市农业科学研究院,浙审稻2014018,,,,,,,,,,,,,,,,,,,,,,,,
20,甬优1540,甬粳15A×F7540,籼型三系杂交稻,宁波市种子有限公司,浙审稻2014017,,,,,,,,,,,,,,,,,,,,,,,,
21,甬优4号,甬粳2号A×K2001,粳型三系杂交稻,宁波市农业科学研究院作物研究所等,浙审稻2003016,,,,,,,,,,,,,,,,,,,,,,,,
22,春优149,春江19A×CH149,粳型三系杂交稻,中国水稻研究所等,浙审稻2014016,,,,,,,,,,,,,,,,,,,,,,,,
23,甬优362,甬粳5号A×F7562,粳型三系杂交稻,宁波市种子有限公司,浙审稻2014015,,,,,,,,,,,,,,,,,,,,,,,,
24,甬优2号,甬粳2号A×K1722,粳型三系杂交稻,宁波市农科院等,浙品审字第235号,,,,,,,,,,,,,,,,,,,,,,,,
25,浙优13,浙04A×浙恢H813,粳型三系杂交稻,浙江省农业科学院作物与核技术利用研究所,浙审稻2014014,,,,,,,,,,,,,,,,,,,,,,,,
26,钱优911,钱江1号A×浙恢9111,籼型三系杂交稻,浙江省农业科学院作物与核技术利用研究所等,浙审稻2014013,,,,,,,,,,,,,,,,,,,,,,,,
27,浙农大454,丙889/中8029×台202,粳型常规稻,浙江大学农业与生物技术学院,浙品审字第188号,,,,,,,,,,,,,,,,,,,,,,,,
28,甬优1510,甬粳15A×F7510,籼型三系杂交稻,宁波市种子有限公司,浙审稻2014012,,,,,,,,,,,,,,,,,,,,,,,,
29,深两优884,深08S×R5884,籼型两系杂交稻,浙江勿忘农种业股份有限公司,浙审稻2014011,,,,,,,,,,,,,,,,,,,,,,,,
30,甬粳44,甬粳29×秀水04,粳型常规稻,浙江省宁波市农业科学研究所,浙品审字第128号,,,,,,,,,,,,,,,,,,,,,,,,
31,甬优1512,甬粳15A×F7512,籼型三系杂交稻,宁波市种子有限公司,浙审稻2014010,,,,,,,,,,,,,,,,,,,,,,,,
32,辐籼6号,辐774×IR26,籼型常规稻,浙江省农业科学院作物与核技术利用研究所,浙品审字第049号,,,,,,,,,,,,,,,,,,,,,,,,
33,广两优9388,广占63S×中恢9388,籼型两系杂交稻,中国水稻研究所,浙审稻2014009,,,,,,,,,,,,,,,,,,,,,,,,
34,钱优16,钱江3号A×浙恢916,籼型三系杂交稻,浙江省农业科学院作物与核技术利用研究所等,浙审稻2014008,,,,,,,,,,,,,,,,,,,,,,,,
35,内5优36,内香5A×中恢36,籼型三系杂交稻,浙江勿忘农种业股份有限公司,浙审稻2014007,,,,,,,,,,,,,,,,,,,,,,,,
36,钱优146,钱江1号A×中恢H146,籼型三系杂交稻,江苏省大华种业集团有限公司,浙审稻2014006,,,,,,,,,,,,,,,,,,,,,,,,
37,华风优6086,巨风A×华恢6086,籼型三系杂交稻,华中农业大学等,浙审稻2014005,,,,,,,,,,,,,,,,,,,,,,,,
38,陵两优0516,湘陵628S×05YP16,籼型两系杂交稻,浙江省农业科学院作物与核技术利用研究所等,浙审稻2014004,,,,,,,,,,,,,,,,,,,,,,,,
39,中冷23,嘉育253×耐冷广四,籼型常规稻,中国水稻研究所,浙审稻2014003,,,,,,,,,,,,,,,,,,,,,,,,
40,温926,嘉育46×中组1号,籼型常规稻,温州市农业科学研究院等,浙审稻2014002,,,,,,,,,,,,,,,,,,,,,,,,
41,甬籼975,嘉早311×嘉育293,籼型常规稻,宁波市农业科学研究院等,浙审稻2014001,,,,,,,,,,,,,,,,,,,,,,,,
42,甬优2640,甬粳26A×F7540,粳型三系杂交稻,宁波市种子有限公司,浙审稻2013024,,,,,,,,,,,,,,,,,,,,,,,,
43,甬优1640,甬粳16A×F7540,粳型三系杂交稻,宁波市种子有限公司,浙审稻2013023,,,,,,,,,,,,,,,,,,,,,,,,
44,甬优538,甬粳3号A×F7538,粳型三系杂交稻,宁波市种子有限公司,浙审稻2013022,,,,,,,,,,,,,,,,,,,,,,,,
45,浙糯优1号,浙糯1A×浙糯恢04-01,粳型三系杂交稻,浙江勿忘农种业股份有限公司,浙审稻2013021,,,,,,,,,,,,,,,,,,,,,,,,
46,春优84,春江16A×C84,粳型三系杂交稻,中国水稻研究所等,浙审稻2013020,,,,,,,,,,,,,,,,,,,,,,,,
47,钱优嘉8号,钱江1号A×08HMZR13,籼型三系杂交稻,嘉兴市农业科学研究院等,浙审稻2013019,,,,,,,,,,,,,,,,,,,,,,,,
48,钱优906,钱江3号A×浙恢906,籼型三系杂交稻,福建六三种业有限责任公司等,浙审稻2013017,,,,,,,,,,,,,,,,,,,,,,,,
49,天优H145,天丰A×中恢H145,籼型三系杂交稻,中国水稻研究所等,浙审稻2013016,,,,,,,,,,,,,,,,,,,,,,,,
50,安优18,安早9A×pah18,籼型三系杂交稻,浙江可得丰种业有限公司,浙审稻2013015,,,,,,,,,,,,,,,,,,,,,,,,
51,钱优97,钱江3号A×浙恢907,籼型三系杂交稻,浙江省农业科学院作物与核技术利用研究所等,浙审稻2013014,,,,,,,,,,,,,,,,,,,,,,,,
52,天优8025,天丰A×R8025,籼型三系杂交稻,中国水稻研究所等,浙审稻2013013,,,,,,,,,,,,,,,,,,,,,,,,
53,广两优7203,广占63S×中恢7203,籼型两系杂交稻,中国水稻研究所等,浙审稻2013012,,,,,,,,,,,,,,,,,,,,,,,,
54,嘉58,嘉33×嘉0664,粳型常规稻,嘉兴市农业科学研究院等,浙审稻2013011,,,,,,,,,,,,,,,,,,,,,,,,
55,浙粳98,丙02-09×丙01-113,粳型常规稻,浙江省农业科学院作物与核技术利用研究所等,浙审稻2013010,,,,,,,,,,,,,,,,,,,,,,,,
56,浙粳60,丙05-129×丙03-123,粳型常规稻,浙江省农业科学院作物与核技术利用研究所等,浙审稻2013009,,,,,,,,,,,,,,,,,,,,,,,,
57,浙粳59,丙02-105×丙03-33,粳型常规稻,浙江省农业科学院作物与核技术利用研究所等,浙审稻2013008,,,,,,,,,,,,,,,,,,,,,,,,
58,浙粳97,R4028×R4101,粳型常规稻,浙江省农业科学院作物与核技术利用研究所等,浙审稻2013007,,,,,,,,,,,,,,,,,,,,,,,,
59,甬优720,甬粳7号A×甬恢20,粳型三系杂交稻,宁波市种子有限公司,浙审稻2013006,,,,,,,,,,,,,,,,,,,,,,,,
60,陆两优1733,陆18S×R1733,籼型两系杂交稻,中国水稻研究所等,浙审稻2013005,,,,,,,,,,,,,,,,,,,,,,,,
61,株两优813,株1S×08EZ13,籼型两系杂交稻,浙江省农业科学院作物与核技术利用研究所等,浙审稻2013004,,,,,,,,,,,,,,,,,,,,,,,,
62,嘉育89,G04-84×G04-244,籼型常规稻,嘉兴市农业科学研究院,浙审稻2013003,,,,,,,,,,,,,,,,,,,,,,,,
63,嘉早37,TA105/嘉早935×Z6309,籼型常规稻,嘉兴市农业科学研究院,浙审稻2013002,,,,,,,,,,,,,,,,,,,,,,,,
64,温814,G99-46×甬籼57,籼型常规稻,温州市农业科学研究院,浙审稻2013001,,,,,,,,,,,,,,,,,,,,,,,,
65,浙优18,浙04A×浙恢818,粳型三系杂交稻,浙江省农业科学院作物与核技术利用研究所等,浙审稻2012020,,,,,,,,,,,,,,,,,,,,,,,,
66,春优618,春江16A×C18,粳型三系杂交稻,中国水稻研究所,浙审稻2012019,,,,,,,,,,,,,,,,,,,,,,,,
67,甬优17号,甬粳4号A×甬恢12,粳型三系杂交稻,宁波市农业科学研究院作物研究所等,浙审稻2012018,,,,,,,,,,,,,,,,,,,,,,,,
68,甬优15号,京双A×F5032,籼型三系杂交稻,宁波市农业科学研究院作物研究所等,浙审稻2012017,,,,,,,,,,,,,,,,,,,,,,,,
69,嘉禾优555,嘉禾212A×嘉禾555,粳型三系杂交稻,浙江省嘉兴市农业科学研究院等,浙审稻2012016,,,,,,,,,,,,,,,,,,,,,,,,
70,嘉优6号,嘉335A×嘉恢69,粳型三系杂交稻,浙江省嘉兴市农业科学研究院等,浙审稻2012015,,,,,,,,,,,,,,,,,,,,,,,,
71,中浙优10号,中浙A×06制7-10,籼型三系杂交稻,中国水稻研究所等,浙审稻2012014,,,,,,,,,,,,,,,,,,,,,,,,
72,协优H118,协青早A×中恢H118,籼型三系杂交稻,中国水稻研究所等,浙审稻2012013,,,,,,,,,,,,,,,,,,,,,,,,
73,天优8019,天丰A×中恢8019,籼型三系杂交稻,中国水稻研究所等,浙审稻2012012,,,,,,,,,,,,,,,,,,,,,,,,
74,钱优817,钱江1号A×金恢817,籼型三系杂交稻,金华市农业科学研究院等,浙审稻2012011,,,,,,,,,,,,,,,,,,,,,,,,
75,嘉晚优1号,嘉晚36A×MH23,籼型三系杂交稻,中科院遗传发育所嘉兴农作物高新技术育种中心等,浙审稻2012010,,,,,,,,,,,,,,,,,,,,,,,,
76,秀水321,秀水994/嘉禾991//K1×秀水09,粳型常规稻,浙江省嘉兴市农业科学研究院,浙审稻2012009,,,,,,,,,,,,,,,,,,,,,,,,
77,浙粳112,嘉01-5×秀水113,粳型常规稻,浙江省农业科学院,浙审稻2012008,,,,,,,,,,,,,,,,,,,,,,,,
78,春江糯6号,丙02-105×祥湖301,粳型常规稻,中国水稻研究所,浙审稻2012007,,,,,,,,,,,,,,,,,,,,,,,,
79,湖粳640,HZ02-03/台271//嘉991×嘉991,粳型常规稻,湖州市农业科学研究院等,浙审稻2012006,,,,,,,,,,,,,,,,,,,,,,,,
80,秀水519,苏秀9号×秀水123,粳型常规稻,浙江省嘉兴市农业科学研究院,浙审稻2012005,,,,,,,,,,,,,,,,,,,,,,,,
81,台早733,JS01-41×台早12/嘉早43,籼型常规稻,台州市农业科学研究院,浙审稻2012004,,,,,,,,,,,,,,,,,,,,,,,,
82,中早41,G02-187×中嘉早32,籼型常规稻,中国水稻研究所,浙审稻2012002,,,,,,,,,,,,,,,,,,,,,,,,
83,温718,中选181×H1564,籼型常规稻,温州市农业科学研究院,浙审稻2012001,,,,,,,,,,,,,,,,,,,,,,,,
84,秀优378,秀水3A×XR78,粳型三系杂交稻,嘉兴市农业科学研究院等,浙审稻2011017,,,,,,,,,,,,,,,,,,,,,,,,
85,Y两优5867,Y58S×R674,籼型两系杂交稻,江西科源种业有限公司等,浙审稻2011016,,,,,,,,,,,,,,,,,,,,,,,,
86,Y两优689,Y58S×温恢689,籼型两系杂交稻,温州市农业科学研究院等,浙审稻2011015,,,,,,,,,,,,,,,,,,,,,,,,
87,钱优0724,钱江1号A×浙恢0724,籼型三系杂交稻,浙江省农业科学院作物与核技术利用研究所等,浙审稻2011014,,,,,,,,,,,,,,,,,,,,,,,,
88,九优063,九龙A×ZF20,籼型三系杂交稻,中国水稻研究所,浙审稻2011013,,,,,,,,,,,,,,,,,,,,,,,,
89,天优2180,天丰A×中恢218,籼型三系杂交稻,中国水稻研究所等,浙审稻2011012,,,,,,,,,,,,,,,,,,,,,,,,
90,中浦优华占,中99A×华占,籼型三系杂交稻,中国水稻研究所等,浙审稻2011011,,,,,,,,,,,,,,,,,,,,,,,,
91,绍粳18,R0308×ZH236,粳型常规稻,绍兴市农业科学研究院,浙审稻2011010,,,,,,,,,,,,,,,,,,,,,,,,
92,秀水05,秀水128×秀水123,粳型常规稻,嘉兴市农业科学研究院等,浙审稻2011009,,,,,,,,,,,,,,,,,,,,,,,,
93,浙粳88,春江012×R2045,粳型常规稻,浙江省农业科学院作物与核技术利用研究所等,浙审稻2011008,,,,,,,,,,,,,,,,,,,,,,,,
94,浙糯65,丙98-110×丙98-110///丙850//丙850/BBW,粳型常规稻,浙江省农业科学院作物与核技术利用研究所等,浙审稻2011007,,,,,,,,,,,,,,,,,,,,,,,,
95,秀水414,秀水09×甬单6号/丙98-101//秀水994,粳型常规稻,嘉兴市农业科学研究院,浙审稻2011006,,,,,,,,,,,,,,,,,,,,,,,,
96,株两优609,株1S×06EZ09,籼型两系杂交稻,浙江省农业科学院作物与核技术利用研究所等,浙审稻2011005,,,,,,,,,,,,,,,,,,,,,,,,
97,嘉育66,嘉育253×嘉育143,籼型常规稻,嘉兴市农业科学研究院,浙审稻2011004,,,,,,,,,,,,,,,,,,,,,,,,
98,中佳早66,嘉育293×金97-47,籼型常规稻,中国水稻研究所,浙审稻2011003,,,,,,,,,,,,,,,,,,,,,,,,
99,嘉早309,03YK7×ZH308/嘉早312//Z02-318,籼型常规稻,嘉兴市农业科学研究院,浙审稻2011002,,,,,,,,,,,,,,,,,,,,,,,,
100,辐501,Z96-12×Z95-03,籼型常规稻,浙江省农业科学院作物与核技术利用研究所,浙审稻2011001,,,,,,,,,,,,,,,,,,,,,,,,
101,嘉乐优100,151A×GR100,粳型三系杂交稻,嘉兴市秀州区农业科学研究所等,浙审稻2010018,,,,,,,,,,,,,,,,,,,,,,,,
102,嘉优5号,嘉335A×嘉恢125,粳型三系杂交稻,嘉兴市农业科学研究院等,浙审稻2010017,,,,,,,,,,,,,,,,,,,,,,,,
103,甬优13号,甬粳3号A×F5032,粳型三系杂交稻,宁波市农业科学研究院等,浙审稻2010016,,,,,,,,,,,,,,,,,,,,,,,,
104,甬优12号,甬粳2号A×F5032,粳型三系杂交稻,宁波市农业科学研究院等,浙审稻2010015,,,,,,,,,,,,,,,,,,,,,,,,
105,黄华占,黄新占×丰华占,籼型常规稻,广东省农业科学院水稻研究所,浙审稻2010014,,,,,,,,,,,,,,,,,,,,,,,,
106,川农优527,川农1A×蜀恢527,籼型三系杂交稻,四川农业大学水稻研究所等,浙审稻2010013,,,,,,,,,,,,,,,,,,,,,,,,
107,川香优3203,川香29A×成恢3203,籼型三系杂交稻,四川省农业科学院作物研究所,浙审稻2010012,,,,,,,,,,,,,,,,,,,,,,,,
108,九优9号,94A×农华19,籼型三系杂交稻,北京金色农华种业科技有限公司,浙审稻2010011,,,,,,,,,,,,,,,,,,,,,,,,
109,协优中1号,协青早A×中组14,籼型三系杂交稻,中国水稻研究所等,浙审稻2010010,,,,,,,,,,,,,,,,,,,,,,,,
110,钱优2号,钱江1号A×浙恢0702,籼型三系杂交稻,浙江省农业科学院作物与核技术利用研究所等,浙审稻2010009,,,,,,,,,,,,,,,,,,,,,,,,
111,培两优612,培矮64S×Y02-12,籼型两系杂交稻,中国水稻研究所,浙审稻2010008,,,,,,,,,,,,,,,,,,,,,,,,
112,协优2226,协青早A×T2226,籼型三系杂交稻,台州市农业科学研究院等,浙审稻2010007,,,,,,,,,,,,,,,,,,,,,,,,
113,协优702,协青早A×H702,籼型三系杂交稻,浙江省农业科学院作物与核技术利用研究所,浙审稻2010006,,,,,,,,,,,,,,,,,,,,,,,,
114,浙粳37,R2045/秀水110×秀水110,粳型常规稻,浙江省农业科学院作物与核技术利用研究所等,浙审稻2010005,,,,,,,,,,,,,,,,,,,,,,,,
115,秀水12,秀水09×丙03-123,粳型常规稻,嘉兴市农业科学研究院,浙审稻2010004,,,,,,,,,,,,,,,,,,,,,,,,
116,春江063,嘉花1号×甬粳18,粳型常规稻,中国水稻研究所,浙审稻2010002,,,,,,,,,,,,,,,,,,,,,,,,
117,宁82,秀水110×丙96-241/甬粳18,粳型常规稻,宁波市农业科学研究院,浙审稻2010001,,,,,,,,,,,,,,,,,,,,,,,,
118,嘉育140,嘉育21×G02-186,籼型常规稻,嘉兴市农业科学研究院,浙审稻2009041,,,,,,,,,,,,,,,,,,,,,,,,
119,中选056,中选181×Z95-03,籼型常规稻,中国水稻研究所,浙审稻2009040,,,,,,,,,,,,,,,,,,,,,,,,
120,中早39,嘉育253×中组3号,籼型常规稻,中国水稻研究所,浙审稻2009039,,,,,,,,,,,,,,,,,,,,,,,,
121,中早38,中选181×金2000-10,籼型常规稻,中国水稻研究所,浙审稻2009038,,,,,,,,,,,,,,,,,,,,,,,,
122,台早518,嘉育253×嘉943,籼型常规稻,浙江省台州市农业科学研究院,浙审稻2009037,,,,,,,,,,,,,,,,,,,,,,,,
123,嘉优608,嘉60A×嘉恢82,粳型三系杂交稻,浙江省嘉兴市农业科学研究院等,浙审稻2009036,,,,,,,,,,,,,,,,,,,,,,,,
124,浙粳优2号,浙粳3A×浙粳恢04-02,粳型三系杂交稻,浙江省农业科学院作物与核技术利用研究所等,浙审稻2009035,,,,,,,,,,,,,,,,,,,,,,,,
125,八优315,8204A×浙恢H315,粳型三系杂交稻,浙江省农业科学院作物与核技术利用研究所,浙审稻2009034,,,,,,,,,,,,,,,,,,,,,,,,
126,春优658,春江16A×CH58,粳型三系杂交稻,中国水稻研究所等,浙审稻2009033,,,,,,,,,,,,,,,,,,,,,,,,
127,春优172,春江12A×C172,粳型三系杂交稻,中国水稻研究所等,浙审稻2009032,,,,,,,,,,,,,,,,,,,,,,,,
128,嘉优3号,嘉335A×嘉恢32,粳型三系杂交稻,浙江省嘉兴市农业科学研究院等,浙审稻2009031,,,,,,,,,,,,,,,,,,,,,,,,
129,甬优14号,甬粳3号A×F5006,粳型三系杂交稻,宁波市农业科学研究院作物研究所等,浙审稻2009030,,,,,,,,,,,,,,,,,,,,,,,,
130,川优299,川香29A×科恢299,籼型三系杂交稻,四川科瑞种业有限公司等,浙审稻2009028,,,,,,,,,,,,,,,,,,,,,,,,
131,Ⅱ优0514,Ⅱ-32A×浙恢0514,籼型三系杂交稻,浙江省农业科学院作物与核技术利用研究所,浙审稻2009028,,,,,,,,,,,,,,,,,,,,,,,,
132,协优950,协青早A×中恢T950,籼型三系杂交稻,中国水稻研究所,浙审稻2009027,,,,,,,,,,,,,,,,,,,,,,,,
133,丰优9339,粤丰A×中恢9339,籼型三系杂交稻,中国水稻研究所,浙审稻2009026,,,,,,,,,,,,,,,,,,,,,,,,
134,Ⅱ优023,Ⅱ-32A×杭恢023,籼型三系杂交稻,杭州市农业科学研究院等,浙审稻2009025,,,,,,,,,,,,,,,,,,,,,,,,
135,钱优0612,钱江1号A×浙恢0612,籼型三系杂交稻,浙江省农业科学院作物与核技术利用研究所,浙审稻2009024,,,,,,,,,,,,,,,,,,,,,,,,
136,Ⅱ优598,Ⅱ-32A×浙恢205,籼型三系杂交稻,浙江省农业科学院作物与核技术利用研究所,浙审稻2009023,,,,,,,,,,,,,,,,,,,,,,,,
137,农丰优2008,农丰A×04-1,籼型三系杂交稻,金华市农业科学研究院,浙审稻2009022,,,,,,,,,,,,,,,,,,,,,,,,
138,351优1号,351A×温恢221,籼型三系杂交稻,温州市农业科学研究院等,浙审稻2009021,,,,,,,,,,,,,,,,,,,,,,,,
139,昌丰优1286,昌丰A×中恢1286,籼型三系杂交稻,中国水稻研究所,浙审稻2009020,,,,,,,,,,,,,,,,,,,,,,,,
140,Ⅱ优54,Ⅱ-32A×中恢05-54,籼型三系杂交稻,中国水稻研究所,浙审稻2009019,,,,,,,,,,,,,,,,,,,,,,,,
141,G优803,G2480A×蜀恢2032,籼型三系杂交稻,四川农大高科农业有限责任公司,浙审稻2009018,,,,,,,,,,,,,,,,,,,,,,,,
142,金优11,金23A×龙恢11,籼型三系杂交稻,四川华龙种业有限责任公司,浙审稻2009017,,,,,,,,,,,,,,,,,,,,,,,,
143,D优781,D62A×蜀恢781,籼型三系杂交稻,四川农业大学水稻研究所,浙审稻2009016,,,,,,,,,,,,,,,,,,,,,,,,
144,C两优87,C815S×蜀恢527,籼型两系杂交稻,湖南农业大学等,浙审稻2009015,,,,,,,,,,,,,,,,,,,,,,,,
145,华优18,协青早A×龙恢11,籼型三系杂交稻,贵州油研种业有限公司等,浙审稻2009014,,,,,,,,,,,,,,,,,,,,,,,,
146,钱优0508,钱江1号A×浙恢0508,籼型三系杂交稻,浙江省农业科学院作物与核技术利用研究所,浙审稻2009013,,,,,,,,,,,,,,,,,,,,,,,,
147,浙辐两优12,ZF01S×ZF-2,籼型两系杂交稻,浙江大学原子核农业科学研究所等,浙审稻2009012,,,,,,,,,,,,,,,,,,,,,,,,
148,中优904,中9A×R904,籼型三系杂交稻,中国水稻研究所,浙审稻2009011,,,,,,,,,,,,,,,,,,,,,,,,
149,协优629,协青早A×中种恢629,籼型三系杂交稻,中国种子集团公司,浙审稻2009010,,,,,,,,,,,,,,,,,,,,,,,,
150,D优17,D35A×抗恢527,籼型三系杂交稻,四川农业大学水稻研究所等,浙审稻2009008,,,,,,,,,,,,,,,,,,,,,,,,
151,钱优M15,钱江1号A×浙恢M15,籼型三系杂交稻,浙江省农业科学院作物与核技术利用研究所,浙审稻2009007,,,,,,,,,,,,,,,,,,,,,,,,
152,钱优0506,钱江1号A×浙恢0506,籼型三系杂交稻,浙江省农业科学院作物与核技术利用研究所,浙审稻2009006,,,,,,,,,,,,,,,,,,,,,,,,
153,秀水114,秀水09×秀水123,粳型常规稻,嘉兴市农业科学研究院等,浙审稻2009005,,,,,,,,,,,,,,,,,,,,,,,,
154,浙粳29,春江012×R2045,粳型常规稻,浙江省农业科学院与核技术利用研究所等,浙审稻2009004,,,,,,,,,,,,,,,,,,,,,,,,
155,浙粳41,R9936×R9941,粳型常规稻,浙江省农业科学院作物与核技术利用研究所等,浙审稻2009003,,,,,,,,,,,,,,,,,,,,,,,,
156,秀水08,甬单6号×秀水110/秀水994,粳型常规稻,浙江省嘉兴市农业科学研究院,浙审稻2009002,,,,,,,,,,,,,,,,,,,,,,,,
157,秀水103,9522/丙9610//丙0001×RHK13,粳型常规稻,浙江省嘉兴市农业科学研究院,浙审稻2009001,,,,,,,,,,,,,,,,,,,,,,,,
158,嘉早311,G00-253×Z02-404,籼型常规稻,浙江省嘉兴市农业科学研究院,浙审稻2008026,,,,,,,,,,,,,,,,,,,,,,,,
159,嘉育67,中选181×嘉育253,籼型常规稻,浙江省嘉兴市农业科学研究院,浙审稻2008025,,,,,,,,,,,,,,,,,,,,,,,,
160,甬籼15,嘉育293//鉴8/杭931×嘉育143,籼型常规稻,浙江省宁波市农业科学研究院等,浙审稻2008024,,,,,,,,,,,,,,,,,,,,,,,,
161,金早09,金早50×金早47,籼型常规稻,浙江省金华市农业科学研究院,浙审稻2008023,,,,,,,,,,,,,,,,,,,,,,,,
162,中嘉早17,中选181×嘉育253,籼型常规稻,中国水稻研究所等,浙审稻2008022,,,,,,,,,,,,,,,,,,,,,,,,
163,浙粳优1号,浙粳2A×浙粳恢04-02,粳型三系杂交稻,浙江省农业科学院作物与核技术利用研究所等,浙审稻2008021,,,,,,,,,,,,,,,,,,,,,,,,
164,申优693,申6A×R693,粳型三系杂交稻,上海市农业科学院作物育种栽培研究所,浙审稻2008020,,,,,,,,,,,,,,,,,,,,,,,,
165,浙优12号,浙04A×浙恢H414,粳型三系杂交稻,浙江省农业科学院作物与核技术利用研究所,浙审稻2008019,,,,,,,,,,,,,,,,,,,,,,,,
166,浙优10号,8204A×浙恢9816,粳型三系杂交稻,浙江省农业科学院作物与核技术利用研究所,浙审稻2008018,,,,,,,,,,,,,,,,,,,,,,,,
167,钱优100,钱江1号A×嘉恢99,籼型三系杂交稻,浙江省农业科学研究院作物与核技术利用研究所等,浙审稻2008017,,,,,,,,,,,,,,,,,,,,,,,,
168,中优9号,中9A×中恢9332,籼型三系杂交稻,中国水稻研究所,浙审稻2008016,,,,,,,,,,,,,,,,,,,,,,,,
169,宜优845,宜香1A×温恢845,籼型三系杂交稻,温州市农业科学研究院作物所,浙审稻2008015,,,,,,,,,,,,,,,,,,,,,,,,
170,内2优111,内香2A×中恢111,籼型三系杂交稻,中国水稻研究所,浙审稻2008014,,,,,,,,,,,,,,,,,,,,,,,,
171,丰优54,粤丰A×t54,籼型三系杂交稻,台州市农业科学研究院等,浙审稻2008013,,,,,,,,,,,,,,,,,,,,,,,,
172,钱优0501,钱江1号A×浙恢0501,籼型三系杂交稻,浙江省农业科学院作物与核技术利用研究所等,浙审稻2008012,,,,,,,,,,,,,,,,,,,,,,,,
173,内2优3015,内香2A×内恢3015,籼型三系杂交稻,内江杂交水稻科技开发中心,浙审稻2008011,,,,,,,,,,,,,,,,,,,,,,,,
174,两优456,45S×明恢86,籼型两系杂交稻,福建省农业科学院水稻研究所,浙审稻2008010,,,,,,,,,,,,,,,,,,,,,,,,
175,Ⅱ优843,Ⅱ-32A×浙大843,粳型三系杂交稻,浙江大学农业与生物技术学院,浙审稻2008009,,,,,,,,,,,,,,,,,,,,,,,,
176,航香18,丙98-110×航香10号,粳型常规稻,浙江省农业科学院作物与核技术利用研究所等,浙审稻2008008,,,,,,,,,,,,,,,,,,,,,,,,
177,宁81,甬单6号×秀水110,粳型常规稻,宁波市农业科学研究院,浙审稻2008007,,,,,,,,,,,,,,,,,,,,,,,,
178,祥湖301,LRC×嘉花1号,粳型常规稻,浙江省嘉兴市农业科学研究院,浙审稻2008006,,,,,,,,,,,,,,,,,,,,,,,,
179,祥湖13,丙97408L/R9941×繁20/丙9408L//繁20/...,粳型常规稻,嘉兴市农业科学研究院,浙审稻2008005,,,,,,,,,,,,,,,,,,,,,,,,
180,秀水132,秀水09×K11,粳型常规稻,浙江省嘉兴市农业科学研究院,浙审稻2008004,,,,,,,,,,,,,,,,,,,,,,,,
181,宁88,宁2-2/宁98-56×秀水110,粳型常规稻,宁波市农业科学研究院,浙审稻2008003,,,,,,,,,,,,,,,,,,,,,,,,
182,浙粳28,秀水110/R9682×秀水110,粳型常规稻,浙江省农业科学院作物与核技术利用研究所等,浙审稻2008002,,,,,,,,,,,,,,,,,,,,,,,,
183,秀水123,HK21×R9941,粳型常规稻,浙江省嘉兴市农业科学研究院,浙审稻2008001,,,,,,,,,,,,,,,,,,,,,,,,
184,甬籼69,嘉育143×G95-40-3,籼型常规稻,宁波市农业科学研究院,浙审稻2007026,,,,,,,,,,,,,,,,,,,,,,,,
185,嘉早442,嘉早935/Z9538×Z00309,籼型常规稻,嘉兴市农业科学研究院,浙审稻2007025,,,,,,,,,,,,,,,,,,,,,,,,
186,嘉育173,G99-21×辐99-59,籼型常规稻,嘉兴市农业科学研究院,浙审稻2007024,,,,,,,,,,,,,,,,,,,,,,,,
187,浙农34,金早47×中9740,籼型常规稻,浙江大学农业与生物技术学院,浙审稻2007023,,,,,,,,,,,,,,,,,,,,,,,,
188,中9优1176,中9A×中恢1176,籼型三系杂交稻,中国水稻研究所,浙审稻2007022,,,,,,,,,,,,,,,,,,,,,,,,
189,培两优8007,培矮64S×中恢8007,籼型两系杂交稻,中国水稻研究所,浙审稻2007021,,,,,,,,,,,,,,,,,,,,,,,,
190,中浙优86,中浙A×T-86,籼型三系杂交稻,中国水稻研究所等,浙审稻2007020,,,,,,,,,,,,,,,,,,,,,,,,
191,D优2527,D200A×蜀恢527,籼型三系杂交稻,四川农业大学水稻研究所等,浙审稻2007019,,,,,,,,,,,,,,,,,,,,,,,,
192,白丰优48,白丰A×浙辐48,籼型三系杂交稻,浙江大学原子核农业科学研究所,浙审稻2007018,,,,,,,,,,,,,,,,,,,,,,,,
193,泸香优8号,泸香91A×T461选,籼型三系杂交稻,中国水稻研究所,浙审稻2007017,,,,,,,,,,,,,,,,,,,,,,,,
194,协优315,协青早A×浙恢M15,籼型三系杂交稻,浙江省农业科学院作物与核技术利用研究所等,浙审稻2007016,,,,,,,,,,,,,,,,,,,,,,,,
195,钱优1号,钱江1号A×浙恢7954,籼型三系杂交稻,浙江省农业科学院作物与核技术利用研究所等,浙审稻2007015,,,,,,,,,,,,,,,,,,,,,,,,
196,宜香10号,宜香1A×宜恢10号,籼型三系杂交稻,四川省宜宾市农业科学院,浙审稻2007014,,,,,,,,,,,,,,,,,,,,,,,,
197,甬优11号,甬粳2号A×K216211,粳型三系杂交稻,宁波市农业科学研究院作物研究所等,浙审稻2007013,,,,,,,,,,,,,,,,,,,,,,,,
198,甬优10号,甬糯2号A×K6962,粳型三系杂交稻,宁波市农业科学研究院作物研究所等,浙审稻2007012,,,,,,,,,,,,,,,,,,,,,,,,
199,甬优9号,甬粳2号A×K6093,粳型三系杂交稻,宁波市农业科学研究院作物研究所等,浙审稻2007011,,,,,,,,,,,,,,,,,,,,,,,,
200,嘉优2号,嘉60A×嘉恢30,粳型三系杂交稻,浙江海盐县种子公司等,浙审稻2007010,,,,,,,,,,,,,,,,,,,,,,,,
201,春优58,春江12A×CH58,粳型三系杂交稻,中国水稻研究所等,浙审稻2007009,,,,,,,,,,,,,,,,,,,,,,,,
202,秀优169,嘉花1号A×XR69,粳型三系杂交稻,嘉兴市农业科学研究院等,浙审稻2007008,,,,,,,,,,,,,,,,,,,,,,,,
203,祥湖171,R2071糯×凡20/9408糯,粳型常规稻,嘉兴市农业科学研究院,浙审稻2007007,,,,,,,,,,,,,,,,,,,,,,,,
204,浙粳23,ZH9827×ZH9827////DP5165///DP51...,粳型常规稻,浙江省农业科学院作物与核技术利用研究所等,浙审稻2007006,,,,,,,,,,,,,,,,,,,,,,,,
205,嘉绍3号,嘉991×单测205,粳型常规稻,嘉兴市农业科学研究院等,浙审稻2007005,,,,,,,,,,,,,,,,,,,,,,,,
206,嘉禾218,JS2/C211//J28×嘉禾212,粳型常规稻,嘉兴市农业科学研究院等,浙审稻2007004,,,,,,,,,,,,,,,,,,,,,,,,
207,秀水128,丙98-101/R9936×HK21,粳型常规稻,嘉兴市农业科学研究院,浙审稻2007003,,,,,,,,,,,,,,,,,,,,,,,,
208,嘉粳3694,嘉粳2335/秀水110×秀水110,粳型常规稻,嘉兴市秀洲区农业科学研究所,浙审稻2007002,,,,,,,,,,,,,,,,,,,,,,,,
209,秀水33,甬单6号/丙98-101×秀水994,粳型常规稻,嘉兴市农业科学研究院,浙审稻2007001,,,,,,,,,,,,,,,,,,,,,,,,
210,温305,金早47×早籼436,籼型常规稻,浙江省温州市农业科学研究院,浙审稻2006025,,,,,,,,,,,,,,,,,,,,,,,,
211,温229,嘉早935/浙农943×温451,籼型常规稻,浙江省温州市农业科学研究院,浙审稻2006024,,,,,,,,,,,,,,,,,,,,,,,,
212,嘉育70,中754×00D1-1,籼型常规稻,嘉兴市农业科学研究院,浙审稻2006023,,,,,,,,,,,,,,,,,,,,,,,,
213,嘉早332,Z99-123×嘉早312,籼型常规稻,嘉兴市农业科学研究院,浙审稻2006022,,,,,,,,,,,,,,,,,,,,,,,,
214,中嘉早32,01D1-1/G95-40-8×01D1-1,籼型常规稻,中国水稻研究所等,浙审稻2006021,,,,,,,,,,,,,,,,,,,,,,,,
215,中佳早10号,Z99-312×嘉兴99-25,籼型常规稻,中国水稻研究所,浙审稻2006020,,,,,,,,,,,,,,,,,,,,,,,,
216,嘉65,嘉48×嘉37/嘉51,粳型常规稻,嘉兴市农业科学研究院等,浙审稻2006019,,,,,,,,,,,,,,,,,,,,,,,,
217,浙糯4号,武运P17×丙9302,粳型常规稻,浙江省农业科学院作物与核技术利用研究所等,浙审稻2006018,,,,,,,,,,,,,,,,,,,,,,,,
218,湖251,嘉48×丙1067,粳型常规稻,浙江省湖州市农业科学院等,浙审稻2006016,,,,,,,,,,,,,,,,,,,,,,,,
219,秀水223,264×229/宁1//209,粳型常规稻,嘉兴市农业科学研究院,浙审稻2006015,,,,,,,,,,,,,,,,,,,,,,,,
220,春江026,春江08×春江06,粳型常规稻,中国水稻研究所,浙审稻2006014,,,,,,,,,,,,,,,,,,,,,,,,
221,浙粳22,浙粳27×浙粳27////DP5165///DP5165//...,粳型常规稻,浙江省农业科学院作物与核技术利用研究所等,浙审稻2006013,,,,,,,,,,,,,,,,,,,,,,,,
222,秀水113,嘉粳2717×秀水110,粳型常规稻,嘉兴市农业科学研究院,浙审稻2006012,,,,,,,,,,,,,,,,,,,,,,,,
223,八优52,8204A×Z052,粳型三系杂交稻,浙江省杭州市农业科学研究院等,浙审稻2006011,,,,,,,,,,,,,,,,,,,,,,,,
224,春优2号,春江12A×CH89,粳型三系杂交稻,中国水稻研究所等,浙审稻2006010,,,,,,,,,,,,,,,,,,,,,,,,
225,秀优5号,秀水110A×秀恢69,粳型三系杂交稻,嘉兴市农业科学研究院等,浙审稻2006009,,,,,,,,,,,,,,,,,,,,,,,,
226,甬优1460,甬粳2号A×T1460,粳型三系杂交稻,浙江省台州市农业科学研究院等,浙审稻2006008,,,,,,,,,,,,,,,,,,,,,,,,
227,中组14,五丰占2号/IRBB5×五丰占2号,籼型常规稻,中国水稻研究所,浙审稻2006007,,,,,,,,,,,,,,,,,,,,,,,,
228,Ⅱ优845,Ⅱ-32A×温恢845,籼型三系杂交稻,浙江省温州市农业科学研究院,浙审稻2006006,,,,,,,,,,,,,,,,,,,,,,,,
229,菲优E1,菲改A×E1,籼型三系杂交稻,中国水稻研究所等,浙审稻2006005,,,,,,,,,,,,,,,,,,,,,,,,
230,内香优3号,内香3A×内恢99-14,籼型三系杂交稻,四川内江杂交水稻科技开发中心,浙审稻2006004,,,,,,,,,,,,,,,,,,,,,,,,
231,冈优827,G2480A×蜀恢527,籼型三系杂交稻,四川农业大学水稻研究所,浙审稻2006003,,,,,,,,,,,,,,,,,,,,,,,,
232,中浙优8号,中浙A×T-8,籼型三系杂交稻,中国水稻研究所等,浙审稻2006002,,,,,,,,,,,,,,,,,,,,,,,,
233,培两优2859,培矮64S×JG2859,籼型两系杂交稻,浙江省杭州市种子公司等,浙审稻2006001,,,,,,,,,,,,,,,,,,,,,,,,
234,中佳早6号,Z99-312×WT4,籼型常规稻,中国水稻研究所,浙审稻2005028,,,,,,,,,,,,,,,,,,,,,,,,
235,浙辐201,Z95-210×Lemont,籼型常规稻,浙江大学核农所等,浙审稻2005027,,,,,,,,,,,,,,,,,,,,,,,,
236,浙101,浙9248,籼型常规稻,浙江省农业科学院作物与核技术利用研究所,浙审稻2005026,,,,,,,,,,,,,,,,,,,,,,,,
237,嘉育21,G96-29×YD95-1,籼型常规稻,嘉兴市农业科学研究院,浙审稻2005025,,,,,,,,,,,,,,,,,,,,,,,,
238,嘉育253,G96-28-1×G96-143,籼型常规稻,嘉兴市农业科学研究院,浙审稻2005024,,,,,,,,,,,,,,,,,,,,,,,,
239,甬优5号,甬糯2号A×K6926,粳型三系杂交稻,宁波市农业科学研究院作物研究所等,浙审稻2005023,,,,,,,,,,,,,,,,,,,,,,,,
240,祥湖914,秀水42×丙9302,粳型常规稻,嘉兴市农业科学研究院,浙审稻2005022,,,,,,,,,,,,,,,,,,,,,,,,
241,甬糯34,甬粳24/台93-26×嘉63,粳型常规稻,宁波市农业科学研究院作物研究所,浙审稻2005021,,,,,,,,,,,,,,,,,,,,,,,,
242,甬优6号,甬粳2号A×K4806,粳型三系杂交稻,宁波市农业科学研究院作物研究所等,浙审稻2005020,,,,,,,,,,,,,,,,,,,,,,,,
243,嘉乐优2号,151A×DH32,粳型三系杂交稻,嘉兴市秀洲区农业科学研究所,浙审稻2005019,,,,,,,,,,,,,,,,,,,,,,,,
244,嘉优1号,嘉60A×嘉恢40,粳型三系杂交稻,嘉兴市农业科学研究院,浙审稻2005018,,,,,,,,,,,,,,,,,,,,,,,,
245,浙优9号,5016A×浙恢9816,粳型三系杂交稻,浙江省农业科学院作物与核技术利用研究所等,浙审稻2005017,,,,,,,,,,,,,,,,,,,,,,,,
246,秀水03,秀水110/嘉粳2717×秀水110,粳型常规稻,嘉兴市农业科学研究院,浙审稻2005016,,,,,,,,,,,,,,,,,,,,,,,,
247,秀水09,秀水110/嘉粳2717×秀水110,粳型常规稻,嘉兴市农业科学研究院,浙审稻2005015,,,,,,,,,,,,,,,,,,,,,,,,
248,杭43,武运粳7号×秀水63,粳型常规稻,浙江省杭州市农业科学研究院,浙审稻2005014,,,,,,,,,,,,,,,,,,,,,,,,
249,原粳35,早粳×R9223,粳型常规稻,浙江省农业科学院作物与核技术利用研究所,浙审稻2005013,,,,,,,,,,,,,,,,,,,,,,,,
250,嘉绍2号,嘉59×嘉991,粳型常规稻,嘉兴市农业科学研究院等,浙审稻2005012,,,,,,,,,,,,,,,,,,,,,,,,
251,中佳粳21,武运粳7号×秀水63,粳型常规稻,中国水稻研究所,浙审稻2005011,,,,,,,,,,,,,,,,,,,,,,,,
252,浙粳40,秀水63×秀水63/嘉58,粳型常规稻,浙江省农业科学院作物与核技术利用研究所等,浙审稻2005009,,,,,,,,,,,,,,,,,,,,,,,,
253,秀水417,春江17×丙97405,粳型常规稻,嘉兴市农业科学研究院,浙审稻2005008,,,,,,,,,,,,,,,,,,,,,,,,
254,Ⅱ优8006,Ⅱ-32A×中恢8006,籼型三系杂交稻,中国水稻研究所,浙审稻2005007,,,,,,,,,,,,,,,,,,,,,,,,
255,金优987,金23A×R987,籼型三系杂交稻,浙江省金华市婺城区三才农业技术研究所,浙审稻2005006,,,,,,,,,,,,,,,,,,,,,,,,
256,池优S162,白丰A×蜀恢162,籼型三系杂交稻,浙江大学农业与生物技术学院,浙审稻2005005,,,,,,,,,,,,,,,,,,,,,,,,
257,研优1号,中1A×2070F,籼型三系杂交稻,中国水稻研究所等,浙审稻2005004,,,,,,,,,,,,,,,,,,,,,,,,
258,中优208,中9A×浙恢208,籼型三系杂交稻,浙江农科种业有限公司等,浙审稻2005003,,,,,,,,,,,,,,,,,,,,,,,,
259,Ⅱ优218,Ⅱ-32A×中恢218,籼型三系杂交稻,中国水稻研究所,浙审稻2005002,,,,,,,,,,,,,,,,,,,,,,,,
260,D优202,D62A×蜀恢202,籼型三系杂交稻,四川农业大学水稻研究所等,浙审稻2005001,,,,,,,,,,,,,,,,,,,,,,,,
261,温220,温95繁3/嘉育948×中丝2号,籼型常规稻,温州市农业科学研究院,浙审稻2004025,,,,,,,,,,,,,,,,,,,,,,,,
262,浙106,Z9512×浙733,籼型常规稻,浙江省农业科学院作物与核技术利用研究所,浙审稻2004024,,,,,,,,,,,,,,,,,,,,,,,,
263,浙103,Z9512×南95-331,籼型常规稻,浙江省农业科学院作物与核技术利用研究所,浙审稻2004023,,,,,,,,,,,,,,,,,,,,,,,,
264,浙鉴21,浙9248×舟903,籼型常规稻,浙江省农科院作物与核技术利用研究所,浙审稻2004022,,,,,,,,,,,,,,,,,,,,,,,,
265,嘉早324,嘉早935/Z9538//Z9610×Z9610/Z9510,籼型常规稻,浙江省嘉兴市农业科学院,浙审稻2004021,,,,,,,,,,,,,,,,,,,,,,,,
266,浙糯5号,R9682×丙9302,粳型常规稻,浙江省农业科学院作物与核技术利用研究所,浙审稻2004020,,,,,,,,,,,,,,,,,,,,,,,,
267,嘉禾212,JS2×C211,粳型常规稻,嘉兴市农业科学研究院等,浙审稻2004019,,,,,,,,,,,,,,,,,,,,,,,,
268,嘉花1号,秀水11×秀水344,粳型常规稻,浙江省嘉兴市农业科学研究院,浙审稻2004018,,,,,,,,,,,,,,,,,,,,,,,,
269,浙粳27,ZH9318×绍糯928/越光,粳型常规稻,浙江省农科院作核所等,浙审稻2004017,,,,,,,,,,,,,,,,,,,,,,,,
270,原粳41,R915×R9471,粳型常规稻,浙江省农业科学院作物与核技术利用研究所,浙审稻2004016,,,,,,,,,,,,,,,,,,,,,,,,
271,特优航1号,龙特甫A×航1号,籼型三系杂交稻,福建省农业科学院水稻研究所,浙审稻2004015,,,,,,,,,,,,,,,,,,,,,,,,
272,中优205,中9A×浙恢205,籼型三系杂交稻,浙江省农业科学院作物与核技术利用研究所,浙审稻2004014,,,,,,,,,,,,,,,,,,,,,,,,
273,协优205,协青早A×浙恢205,籼型三系杂交稻,浙江省农业科学院作物与核技术利用研究所,浙审稻2004013,,,,,,,,,,,,,,,,,,,,,,,,
274,全优36,全龙A×SF36,籼型三系杂交稻,浙江大学农业与生物技术学院,浙审稻2004012,,,,,,,,,,,,,,,,,,,,,,,,
275,国稻3号,中8A×中恢8006,籼型三系杂交稻,中国水稻研究所,浙审稻2004011,,,,,,,,,,,,,,,,,,,,,,,,
276,菲优600,菲改A×R600,籼型三系杂交稻,中国水稻研究所,浙审稻2004010,,,,,,,,,,,,,,,,,,,,,,,,
277,中浙优1号,中浙A×航恢570,籼型三系杂交稻,中国水稻研究所等,浙审稻2004009,,,,,,,,,,,,,,,,,,,,,,,,
278,越糯6号,越糯96-10×Z95-05,籼型常规稻,绍兴市农业科学研究院,浙审稻2004008,,,,,,,,,,,,,,,,,,,,,,,,
279,绍嘉1号,鉴41×嘉兴98-12,籼型常规稻,绍兴市农业科学研究所等,浙审稻2004007,,,,,,,,,,,,,,,,,,,,,,,,
280,甬籼57,嘉育143×G95-40-3,籼型常规稻,宁波市农业科学研究院作物研究所,浙审稻2004006,,,,,,,,,,,,,,,,,,,,,,,,
281,天禾1号,金恢88×浙3,籼型常规稻,浙江省金华市天禾生物技术研究所等,浙审稻2004005,,,,,,,,,,,,,,,,,,,,,,,,
282,杭982,浙辐37×浙852,籼型常规稻,浙江省杭州市农业科学研究所,浙审稻2004004,,,,,,,,,,,,,,,,,,,,,,,,
283,中早22,嘉早935×中选11,籼型常规稻,中国水稻研究所,浙审稻2004003,,,,,,,,,,,,,,,,,,,,,,,,
284,浙农7号,中丝3号×浙农947,籼型常规稻,浙江大学农业与生物技术学院,浙审稻2004002,,,,,,,,,,,,,,,,,,,,,,,,
285,嘉育46,嘉育293/Z94-207×G96-28-1,籼型常规稻,嘉兴市农业科学研究院,浙审稻2004001,,,,,,,,,,,,,,,,,,,,,,,,
286,新优365,新露A×温恢365,籼型三系杂交稻,浙江省温州市农科院浙南水稻育种中心,浙审稻2003015,,,,,,,,,,,,,,,,,,,,,,,,
287,宜香优1577,宜香1A×宜恢1577,籼型三系杂交稻,宜宾市农业科学院,浙审稻2003014,,,,,,,,,,,,,,,,,,,,,,,,
288,Ⅱ优8220,Ⅱ-32A×浙大8220,籼型三系杂交稻,浙江大学农学院等,浙审稻2003013,,,,,,,,,,,,,,,,,,,,,,,,
289,协优5968,协青早A×t5968,籼型三系杂交稻,浙江省台州市农业科学研究院等,浙审稻2003012,,,,,,,,,,,,,,,,,,,,,,,,
290,台糯1号,86-426/丙665×91-158//甲农糯/85-79,粳型常规稻,浙江省台州市农科所等,浙审稻2003011,,,,,,,,,,,,,,,,,,,,,,,,
291,浙糯3号,R9256×宁1081,粳型常规稻,浙江省农业科学院作物与核技术利用研究所,浙审稻2003010,,,,,,,,,,,,,,,,,,,,,,,,
292,浙糯36,丙92-124×绍糯92-8,粳型常规稻,浙江省农科院作物所,浙审稻2003009,,,,,,,,,,,,,,,,,,,,,,,,
293,嘉991,武运粳7号×SGY9,粳型常规稻,浙江嘉兴市农业科学研究院,浙审稻2003008,,,,,,,,,,,,,,,,,,,,,,,,
294,秀水994,嘉59天杂×丙95-43,粳型常规稻,浙江省嘉兴市农科院,浙审稻2003007,,,,,,,,,,,,,,,,,,,,,,,,
295,浙粳30,秀水63×R9475,粳型常规稻,浙江省农业科学院作物与核技术利用研究所,浙审稻2003006,,,,,,,,,,,,,,,,,,,,,,,,
296,秀水217,丙94-168/丙95-237×丙89-90/JF81,粳型常规稻,浙江省嘉兴市农科院,浙审稻2003005,,,,,,,,,,,,,,,,,,,,,,,,
297,秀水209,丙93-207×秀水11//宁67/嘉45,粳型常规稻,浙江省嘉兴市农科院,浙审稻2003004,,,,,,,,,,,,,,,,,,,,,,,,
298,嘉育143,嘉育293×Z94-207,籼型常规稻,浙江省嘉兴市农业科学院,浙审稻2003003,,,,,,,,,,,,,,,,,,,,,,,,
299,中早21,中早5号/嘉香3号×中优早81/科庆HA-7,籼型常规稻,中国水稻研究所,浙审稻2003002,,,,,,,,,,,,,,,,,,,,,,,,
300,嘉早312,嘉早935/Z95-05×Z96-10,籼型常规稻,浙江省嘉兴市农业科学研究所,浙审稻2003001,,,,,,,,,,,,,,,,,,,,,,,,
301,八优8号,8204A×R9525,粳型三系杂交稻,浙江省农业科学院作物与核技术利用研究所,浙品审字第380号,,,,,,,,,,,,,,,,,,,,,,,,
302,甬优3号,甬粳2号A×K1863,粳型三系杂交稻,浙江省宁波市农业科学院等,浙品审字第379号,,,,,,,,,,,,,,,,,,,,,,,,
303,Ⅱ优7954,Ⅱ-32A×浙恢7954,籼型三系杂交稻,浙江省农业科学院作物与核技术利用研究所,浙品审字第378号,,,,,,,,,,,,,,,,,,,,,,,,
304,K优117,K17A×温恢117,籼型三系杂交稻,浙江省温州市农业科学研究院,浙品审字第377号,,,,,,,,,,,,,,,,,,,,,,,,
305,汕优8548,珍汕97A×浙大8548,籼型三系杂交稻,浙江大学农业与生物技术学院,浙品审字第376号,,,,,,,,,,,,,,,,,,,,,,,,
306,协优982,协青早A×金恢982,籼型三系杂交稻,浙江省金华市农业科学研究所,浙品审字第375号,,,,,,,,,,,,,,,,,,,,,,,,
307,特优37,龙特甫A×组恢37,籼型三系杂交稻,浙江大学原子核农业科学研究所,浙品审字第374号,,,,,,,,,,,,,,,,,,,,,,,,
308,春江糯2号,丙92-124×春江糯,粳型常规稻,中国水稻研究所,浙品审字第373号,,,,,,,,,,,,,,,,,,,,,,,,
309,浙大514,秀水861×丙889/浙农大40,粳型常规稻,浙江大学农业与生物技术学院,浙品审字第372号,,,,,,,,,,,,,,,,,,,,,,,,
310,绍糯9714,绍紫9012/绍糯45//绍间9×绍糯119,粳型常规稻,绍兴市农业科学研究院,浙品审字第371号,,,,,,,,,,,,,,,,,,,,,,,,
311,秀水110,嘉59天杂×丙95-13,粳型常规稻,嘉兴市农业科学研究院,浙品审字第370号,,,,,,,,,,,,,,,,,,,,,,,,
312,浙粳20,秀水63×秀水63/原粳7号,粳型常规稻,浙江省农业科学院作物所,浙品审字第369号,,,,,,,,,,,,,,,,,,,,,,,,
313,越糯2号,Z94-207×越糯1号/黑宝//嘉育293,籼型常规稻,绍兴市农业科学研究所,浙品审字第368号,,,,,,,,,,,,,,,,,,,,,,,,
314,中98-18,嘉育948×嘉兴39,籼型常规稻,中国水稻研究所,浙品审字第367号,,,,,,,,,,,,,,,,,,,,,,,,
315,中9优974,中9A×To974,籼型三系杂交稻,中国水稻研究所,浙品审字第366号,,,,,,,,,,,,,,,,,,,,,,,,
316,嘉育164,嘉育948/Z94-207×嘉兴13,籼型常规稻,浙江省嘉兴市农业科学研究院,浙品审字第365号,,,,,,,,,,,,,,,,,,,,,,,,
317,中选181,中丝3号×矮仔乌骚/中156//浙733,籼型常规稻,中国水稻研究所,浙品审字第364号,,,,,,,,,,,,,,,,,,,,,,,,
318,嘉早08,嘉早935×Z95-05,籼型常规稻,嘉兴市农科院,浙品审字第363号,,,,,,,,,,,,,,,,,,,,,,,,
319,8优161,8204A×R161,粳型三系杂交稻,上海市农业科学院作物育种栽培研究所,浙品审字第236号,,,,,,,,,,,,,,,,,,,,,,,,
320,光亚2号,M2S×T2,籼型两系杂交稻,中国水稻研究所,浙品审字第234号,,,,,,,,,,,,,,,,,,,,,,,,
321,协优7954,协青早A×浙恢7954,籼型三系杂交稻,浙江省农业科学院作物与核技术利用研究所,浙品审字第233号,,,,,,,,,,,,,,,,,,,,,,,,
322,秀水52,丙93-75×秀水63,粳型常规稻,嘉兴市农业科学研究院,浙品审字第232号,,,,,,,,,,,,,,,,,,,,,,,,
323,秀水42,秀水61×丙9290,粳型常规稻,嘉兴市农业科学研究院,浙品审字第231号,,,,,,,,,,,,,,,,,,,,,,,,
324,K优619,K17A×温恢619,籼型三系杂交稻,浙江省温州市农科院等,浙品审字第230号,,,,,,,,,,,,,,,,,,,,,,,,
325,八两优100,810S×D100,籼型两系杂交稻,湖南省安江农校,浙品审字第229号,,,,,,,,,,,,,,,,,,,,,,,,
326,温12,辐8349×浙农8010,籼型常规稻,浙江省温州市农科院浙南育种中心,浙品审字第228号,,,,,,,,,,,,,,,,,,,,,,,,
327,金早47,中87-425×陆青早1号,籼型常规稻,金华市农业科学研究所,浙品审字第227号,,,,,,,,,,,,,,,,,,,,,,,,
328,嘉兴8号,浙辐37/嘉兴35×测93-14,籼型常规稻,嘉兴市农业科学研究院,浙品审字第226号,,,,,,,,,,,,,,,,,,,,,,,,
329,瑞科26,竹菲选,籼型常规稻,浙江省瑞安市农科所,浙品审字第225号,,,,,,,,,,,,,,,,,,,,,,,,
330,浙农952,中浙1号×浙珍1号,籼型常规稻,浙江大学农学院等,浙品审字第224号,,,,,,,,,,,,,,,,,,,,,,,,
331,甬优1号,宁67A×K1722,粳型三系杂交稻,宁波市农科所等,浙品审字第215号,,,,,,,,,,,,,,,,,,,,,,,,
332,Ⅱ优3027,Ⅱ-32A×R3027,籼型三系杂交稻,浙江大学核农所等,浙品审字第214号,,,,,,,,,,,,,,,,,,,,,,,,
333,协优963,协青早A×R963,籼型三系杂交稻,浙江省农业科学院作物研究所,浙品审字第213号,,,,,,,,,,,,,,,,,,,,,,,,
334,秀水390,丙98111×丙90289,粳型常规稻,嘉兴市农业科学研究院,浙品审字第212号,,,,,,,,,,,,,,,,,,,,,,,,
335,越粳2号,绍糯119×越光,粳型常规稻,浙江省绍兴市农科所,浙品审字第211号,,,,,,,,,,,,,,,,,,,,,,,,
336,甬粳18,丙89-84×甬粳33/甬粳23,粳型常规稻,宁波市农业科学研究所,浙品审字第210号,,,,,,,,,,,,,,,,,,,,,,,,
337,春江15,B20×H89012,粳型常规稻,中国水稻研究所,浙品审字第209号,,,,,,,,,,,,,,,,,,,,,,,,
338,春江11,嘉45×秀水1067,粳型常规稻,中国水稻研究所,浙品审字第208号,,,,,,,,,,,,,,,,,,,,,,,,
339,优Ⅰ98,优ⅠA×R98,籼型三系杂交稻,中国水稻研究所,浙品审字第207号,,,,,,,,,,,,,,,,,,,,,,,,
340,嘉育16,RD95×G93-368,籼型常规稻,浙江省嘉兴市农科院,浙品审字第206号,,,,,,,,,,,,,,,,,,,,,,,,
341,嘉早12,Z91-105×优905/嘉育293//嘉早43,籼型常规稻,嘉兴市农业科学研究院,浙品审字第205号,,,,,,,,,,,,,,,,,,,,,,,,
342,杭959,杭8820×早粳4号,籼型常规稻,浙江省杭州市农科所,浙品审字第204号,,,,,,,,,,,,,,,,,,,,,,,,
343,浙辐910,浙辐219×长丝软占,籼型常规稻,浙江大学核农所等,浙品审字第203号,,,,,,,,,,,,,,,,,,,,,,,,
344,金早50,金87-38×鉴89-72,籼型常规稻,金华市农业科学研究所,浙品审字第202号,,,,,,,,,,,,,,,,,,,,,,,,
345,协优371,协青早A×组恢371,籼型三系杂交稻,浙江大学核农所等,浙品审字第197号,,,,,,,,,,,,,,,,,,,,,,,,
346,协优92,协青早A×金恢92,籼型三系杂交稻,浙江省金华市农业科学研究所,浙品审字第196号,,,,,,,,,,,,,,,,,,,,,,,,
347,Ⅱ优162,Ⅱ-32A×蜀恢162,籼型三系杂交稻,四川农业大学水稻研究所,浙品审字第195号,,,,,,,,,,,,,,,,,,,,,,,,
348,协优9308,协青早A×中恢9308,籼型三系杂交稻,中国水稻研究所,浙品审字第194号,,,,,,,,,,,,,,,,,,,,,,,,
349,Ⅱ优2070,Ⅱ-32A×T2070,籼型三系杂交稻,中国水稻研究所,浙品审字第193号,,,,,,,,,,,,,,,,,,,,,,,,
350,Ⅱ优63,Ⅱ-32A×明恢63,籼型三系杂交稻,湖南省杂交水稻中心,浙品审字第192号,,,,,,,,,,,,,,,,,,,,,,,,
351,协优9516,协青早A×R9516,籼型三系杂交稻,浙江省农业科学院作物与核技术利用研究所,浙品审字第191号,,,,,,,,,,,,,,,,,,,,,,,,
352,原粳7号,R9063×秀水861,粳型常规稻,浙江省农业科学院原子能利用研究所,浙品审字第190号,,,,,,,,,,,,,,,,,,,,,,,,
353,浙农大402,丙889/浙农大40×T89231/宁68,粳型常规稻,浙江大学农学院,浙品审字第189号,,,,,,,,,,,,,,,,,,,,,,,,
354,嘉早41,嘉育293×广陆矮4号/ZK787,籼型常规稻,嘉兴市农业科学研究院,浙品审字第187号,,,,,,,,,,,,,,,,,,,,,,,,
355,竹菲选,竹菲10号,籼型常规稻,瑞安市农业科学研究所,浙品审字第186号,,,,,,,,,,,,,,,,,,,,,,,,
356,中组1号,Basmati370,籼型常规稻,中国水稻研究所,浙品审字第185号,,,,,,,,,,,,,,,,,,,,,,,,
357,绍籼1号,越糯1号/轮回422×越糯1号,籼型常规稻,绍兴市农业科学研究所,浙品审字第184号,,,,,,,,,,,,,,,,,,,,,,,,
358,嘉早935,Z91-105×优905/嘉育293//Z91-43,籼型常规稻,浙江省嘉兴市农业科学研究所,浙品审字第183号,,,,,,,,,,,,,,,,,,,,,,,,
359,航育1号,ZR9,粳型常规稻,浙江省农业科学院,浙品审字第179号,,,,,,,,,,,,,,,,,,,,,,,,
360,汕优371,珍汕97A×R371,籼型三系杂交稻,浙江大学原子核农业科学研究所,浙品审字第178号,,,,,,,,,,,,,,,,,,,,,,,,
361,早优49辐,早红突A×温恢49辐,籼型三系杂交稻,台州市农业科学研究所,浙品审字第177号,,,,,,,,,,,,,,,,,,,,,,,,
362,浙1500,奥羽交1号×浙8619,籼型常规稻,浙江省农业科学院作物研究所,浙品审字第176号,,,,,,,,,,,,,,,,,,,,,,,,
363,明珠1号,丙8103×713,粳型常规稻,浙江省农业科学院,浙品审字第175号,,,,,,,,,,,,,,,,,,,,,,,,
364,湖43,T8×H8642,粳型常规稻,湖州市农业科学研究所,浙品审字第174号,,,,,,,,,,,,,,,,,,,,,,,,
365,秀水47,丙851×秀水72///秀水02//祥湖47/CP,粳型常规稻,嘉兴市农业科学研究院,浙品审字第173号,,,,,,,,,,,,,,,,,,,,,,,,
366,台537,台202×嘉25,粳型常规稻,台州市农业科学研究所,浙品审字第172号,,,,,,,,,,,,,,,,,,,,,,,,
367,金早22,金87-38×鉴89-72,籼型常规稻,金华市农业科学研究所,浙品审字第171号,,,,,,,,,,,,,,,,,,,,,,,,
368,嘉育948,YD4-4×嘉育293-T8,籼型常规稻,嘉兴市农业科学研究院,浙品审字第170号,,,,,,,,,,,,,,,,,,,,,,,,
369,嘉早43,嘉育293×ZK787,籼型常规稻,嘉兴市农业科学研究院,浙品审字第169号,,,,,,,,,,,,,,,,,,,,,,,,
370,辐籼8号,辐8329×辐8105/IR13471-171,籼型常规稻,浙江省农业科学院原子能利用研究所,浙品审字第168号,,,,,,,,,,,,,,,,,,,,,,,,
371,中辐906,丰4/IR9129-136-2-1×密阳23,籼型常规稻,中国水稻研究所,浙品审字第167号,,,,,,,,,,,,,,,,,,,,,,,,
372,协优914,协青早A×T914,籼型三系杂交稻,浙江省台州市农业科学研究所,浙品审字第158号,,,,,,,,,,,,,,,,,,,,,,,,
373,秀水63,善41抗/秀水61×秀水61,粳型常规稻,嘉兴市农业科学研究所,浙品审字第157号,,,,,,,,,,,,,,,,,,,,,,,,
374,新直2号,新丽秀水04-3/中嘉129×宇102/大红糯87,粳型常规稻,浙江省嘉兴市农科院等,浙品审字第156号,,,,,,,,,,,,,,,,,,,,,,,,
375,秀水17,丙815×秀水122,粳型常规稻,浙江省嘉兴市农业科学研究所,浙品审字第155号,,,,,,,,,,,,,,,,,,,,,,,,
376,越糯1号,嘉育293,籼型常规稻,浙江省绍兴市农业科学研究所,浙品审字第154号,,,,,,,,,,,,,,,,,,,,,,,,
377,衢育860,HA79317-7×中浙1号,籼型常规稻,衢州市农业科学研究所,浙品审字第153号,,,,,,,,,,,,,,,,,,,,,,,,
378,浙9248,紫珍32×浙852,籼型常规稻,浙江省农业科学院物研究所,浙品审字第152号,,,,,,,,,,,,,,,,,,,,,,,,
379,杭931,红突5号×香稻,籼型常规稻,杭州市农业科学研究所,浙品审字第151号,,,,,,,,,,,,,,,,,,,,,,,,
380,中早4号,中86-44,籼型常规稻,中国水稻研究所,浙品审字第150号,,,,,,,,,,,,,,,,,,,,,,,,
381,浙农921,中浙1号/K125-3×中浙1号,籼型常规稻,浙江农业大学,浙品审字第149号,,,,,,,,,,,,,,,,,,,,,,,,
382,七优7号,76-27A×K1457,粳型三系杂交稻,浙江省宁波市农业科学研究所,浙品审字第141号,,,,,,,,,,,,,,,,,,,,,,,,
383,秀水1067,测212/湘虎25×秀水40////秀水46///秀水11/...,粳型常规稻,嘉兴市农业科学研究院,浙品审字第140号,,,,,,,,,,,,,,,,,,,,,,,,
384,嘉45,嘉25/D293×嘉25,粳型常规稻,嘉兴市农业科学研究院,浙品审字第139号,,,,,,,,,,,,,,,,,,,,,,,,
385,中106,中156×军协/青四矮,籼型常规稻,中国水稻研究所,浙品审字第138号,,,,,,,,,,,,,,,,,,,,,,,,
386,嘉育280,嘉育293×ZK787,籼型常规稻,嘉兴市农业科学研究院,浙品审字第137号,,,,,,,,,,,,,,,,,,,,,,,,
387,浙湖894,测21×台24,粳型常规稻,浙江省农业科学院,浙品审字第129号,,,,,,,,,,,,,,,,,,,,,,,,
388,绍糯119,绍糯43×绍粳66/秀水11,粳型常规稻,浙江省绍兴市农科所,浙品审字第127号,,,,,,,,,,,,,,,,,,,,,,,,
389,协优413,协青早A×中413,籼型三系杂交稻,中国水稻研究所,浙品审字第126号,,,,,,,,,,,,,,,,,,,,,,,,
390,Ⅱ优6216,Ⅱ-32A×丽恢62-16,籼型三系杂交稻,浙江省杂交水稻开发联合体,浙品审字第125号,,,,,,,,,,,,,,,,,,,,,,,,
391,辐8970,辐85151×鉴8638,籼型常规稻,浙江省农业科学院,浙品审字第124号,,,,,,,,,,,,,,,,,,,,,,,,
392,汕优浙3,珍汕97A×浙恢3号,籼型三系杂交稻,浙江省农业科学院,浙品审字第123号,,,,,,,,,,,,,,,,,,,,,,,,
393,威优402,威20A×R402,籼型三系杂交稻,湖南省安江农业学校,浙品审字第122号,,,,,,,,,,,,,,,,,,,,,,,,
394,中丝2号,浙8619/浙8736×AT77-1,籼型常规稻,中国水稻研究所,浙品审字第121号,,,,,,,,,,,,,,,,,,,,,,,,
395,中早1号,中156×军协/青四矮,籼型常规稻,中国水稻研究所,浙品审字第120号,,,,,,,,,,,,,,,,,,,,,,,,
396,珍优48-2,珍育29A×测早2-2,籼型三系杂交稻,浙江省开发杂交稻联合体等,浙品审字第110号,,,,,,,,,,,,,,,,,,,,,,,,
397,婺青2号,甲农糯/米仁×靖江早1号,籼型常规稻,浙江省金华市农业科学研究所,浙品审字第109号,,,,,,,,,,,,,,,,,,,,,,,,
398,嘉早05,嘉育293×ZK287/双超55,籼型常规稻,浙江省嘉兴市农科所,浙品审字第108号,,,,,,,,,,,,,,,,,,,,,,,,
399,Ⅱ优92,Ⅱ-32A×金恢92,籼型三系杂交稻,浙江省金华市农业科学研究所,浙品审字第107号,,,,,,,,,,,,,,,,,,,,,,,,
400,舟903,红突80×电412,籼型常规稻,浙江省舟山市农业科学研究所,浙品审字第106号,,,,,,,,,,,,,,,,,,,,,,,,
401,杭87-91,澄溪早×二九丰,籼型常规稻,杭州市农业科学研究所,浙品审字第105号,,,,,,,,,,,,,,,,,,,,,,,,
402,秀水814,秀水24×秀水620,粳型常规稻,浙江省嘉兴市农科所,浙品审字第103号,,,,,,,,,,,,,,,,,,,,,,,,
403,秀水850,秀水37×秀水02/T81-101,粳型常规稻,嘉兴市农业科学研究所,浙品审字第102号,,,,,,,,,,,,,,,,,,,,,,,,
404,宁67,甬粳29×秀水04,粳型常规稻,宁波市农业科学研究所,浙品审字第101号,,,,,,,,,,,,,,,,,,,,,,,,
405,浙糯2号,R8617,粳型常规稻,浙江省农业科学院原子能利用研究所,浙品审字第100号,,,,,,,,,,,,,,,,,,,,,,,,
406,春江糯,秀水11×T82-25,粳型常规稻,中国水稻研究所,浙品审字第099号,,,,,,,,,,,,,,,,,,,,,,,,
407,台202,秀水11×76-27/农垦58,粳型常规稻,台州市农业科学研究所,浙品审字第098号,,,,,,,,,,,,,,,,,,,,,,,,
408,浙农8010,科情3号/IR29×8004,籼型常规稻,浙江农业大学,浙品审字第097号,,,,,,,,,,,,,,,,,,,,,,,,
409,中选5号,泸红早1号×辐籼6号,籼型常规稻,中国水稻研究所,浙品审字第096号,,,,,,,,,,,,,,,,,,,,,,,,
410,嘉育293,浙辐802/科庆47//二九丰///早丰6号/水原287×H...,籼型常规稻,嘉兴市农业科学研究所,浙品审字第095号,,,,,,,,,,,,,,,,,,,,,,,,
411,汕优48-2,珍汕97A×测早2-2,籼型三系杂交稻,浙江省武义县种子公司,浙品审字第080号,,,,,,,,,,,,,,,,,,,,,,,,
412,汕优6216,珍汕97A×丽恢62-16,籼型三系杂交稻,浙江省丽水地区农业科学研究所,浙品审字第079号,,,,,,,,,,,,,,,,,,,,,,,,
413,汕优92,珍汕97A×金恢92,籼型三系杂交稻,金华市农业科学研究所,浙品审字第078号,,,,,,,,,,,,,,,,,,,,,,,,
414,威优48-2,威20A×测早2-2,籼型三系杂交稻,浙江省武义县金华市省种子公司,浙品审字第071号,,,,,,,,,,,,,,,,,,,,,,,,
415,中育1号,广陆矮4号×IR64,籼型常规稻,中国水稻研究所等,浙品审字第070号,,,,,,,,,,,,,,,,,,,,,,,,
416,浙733,禾珍早×赤块矮选,籼型常规稻,浙江省农业科学院作物与核技术利用研究所,浙品审字第069号,,,,,,,,,,,,,,,,,,,,,,,,
417,嘉育73,二九丰/194×矮早21,籼型常规稻,浙江省嘉兴市农科所,浙品审字第068号,,,,,,,,,,,,,,,,,,,,,,,,
418,七优6号,76-27A×2674,粳型三系杂交稻,浙江省农业科学院作物研究所,浙品审字第059号,,,,,,,,,,,,,,,,,,,,,,,,
419,协优46,协青早A×密阳46,籼型三系杂交稻,中国水稻研究所等,浙品审字第058号,,,,,,,,,,,,,,,,,,,,,,,,
420,汕优10号,珍汕97A×密阳46,籼型三系杂交稻,中国水稻研究所等,浙品审字第051号,,,,,,,,,,,,,,,,,,,,,,,,
421,中嘉129,农虎3-2×大淀,粳型常规稻,中国水稻研究所等,浙品审字第050号,,,,,,,,,,,,,,,,,,,,,,,,
422,浙852,浙辐802×水原290,籼型常规稻,浙江省农业科学院作物与核技术利用研究所,浙品审字第048号,,,,,,,,,,,,,,,,,,,,,,,,
423,汕优85,珍汕97A×台八-5,籼型三系杂交稻,中国水稻研究所,浙品审字第043号,,,,,,,,,,,,,,,,,,,,,,,,
424,祥湖84,C18-45×秀水04,粳型常规稻,嘉兴市农业科学研究所,浙品审字第042号,,,,,,,,,,,,,,,,,,,,,,,,
425,祥湖25,矮粳23/祥湖14×测21/矮粳23,粳型常规稻,浙江省嘉兴市农业科学研究所,浙品审字第041号,,,,,,,,,,,,,,,,,,,,,,,,
426,秀水11,测21×测21/湘虎25,粳型常规稻,嘉兴市农业科学研究所,浙品审字第040号,,,,,,,,,,,,,,,,,,,,,,,,
427,辐8-1,8004,籼型常规稻,中国水稻研究所等,浙品审字第039号,,,,,,,,,,,,,,,,,,,,,,,,
428,矮糯21,矮双2号×测21,粳型常规稻,绍兴市农业科学研究所,浙品审字第032号,,,,,,,,,,,,,,,,,,,,,,,,
429,汕优64,珍汕97A×测64-7,籼型三系杂交稻,浙江省种子公司等,浙品审字第027号,,,,,,,,,,,,,,,,,,,,,,,,
430,竹菲10号,竹莲矮×菲改选,籼型常规稻,中国水稻研究所等,浙品审字第022号,,,,,,,,,,,,,,,,,,,,,,,,
431,浙辐802,四梅2号,籼型常规稻,浙江农业大学等,浙品审字第021号,,,,,,,,,,,,,,,,,,,,,,,,
432,二九丰,IR29×原丰早,籼型常规稻,浙江省嘉兴市农业科学研究所,浙品审字第020号,,,,,,,,,,,,,,,,,,,,,,,,
433,祥湖24,辐农709/京引154//辐农709×辐农709,粳型常规稻,嘉兴市农业科学研究所,浙品审字第008号,,,,,,,,,,,,,,,,,,,,,,,,
434,湘虎25,农虎6号×湘粳8号,粳型常规稻,浙江农业大学等,浙品审字第007号,,,,,,,,,,,,,,,,,,,,,,,,
435,浙粳66,矮粳23×百哥,粳型常规稻,浙江省农业科学院作物与核技术利用研究所,浙品审字第006号,,,,,,,,,,,,,,,,,,,,,,,,
436,秀水48,辐农709/京引154×辐农709,粳型常规稻,浙江省嘉兴市农业科学研究所,浙品审字第005号,,,,,,,,,,,,,,,,,,,,,,,,
437,台早5号,芜科1号×二九青,籼型常规稻,浙江省台州市农业科学研究院,浙品审字第004号,,,,,,,,,,,,,,,,,,,,,,,,
438,双科1号,IR24×科辐早,籼型常规稻,浙江农业大学等,浙品审字第003号,,,,,,,,,,,,,,,,,,,,,,,,
439,庆莲16,共庆21×竹莲矮,籼型常规稻,江苏丘陵地区镇江农业科学研究所,浙品审字第002号,,,,,,,,,,,,,,,,,,,,,,,,
440,四梅2号,IR24×科梅,籼型常规稻,浙江大学农业与生物技术学院等,浙品审字第001号,,,,,,,,,,,,,,,,,,,,,,,,
